[
  {
    "cycle": 0,
    "trace_writeback_pc": "0x0",
    "trace_writeback_insn": "0x00000000",
    "trace_writeback_cycle_status": "CYCLE_RESET"
  },
  {
    "cycle": 1,
    "trace_writeback_pc": "0x0",
    "trace_writeback_insn": "0x00000000",
    "trace_writeback_cycle_status": "CYCLE_RESET"
  },
  {
    "cycle": 2,
    "trace_writeback_pc": "0x0",
    "trace_writeback_insn": "0x00000000",
    "trace_writeback_cycle_status": "CYCLE_RESET"
  },
  {
    "cycle": 3,
    "trace_writeback_pc": "0x0",
    "trace_writeback_insn": "0x00000000",
    "trace_writeback_cycle_status": "CYCLE_RESET"
  },
  {
    "cycle": 4,
    "trace_writeback_pc": "0x0",
    "trace_writeback_insn": "0x00000093",
    "trace_writeback_cycle_status": "CYCLE_NO_STALL"
  },
  {
    "cycle": 5,
    "trace_writeback_pc": "0x4",
    "trace_writeback_insn": "0x00000113",
    "trace_writeback_cycle_status": "CYCLE_NO_STALL"
  },
  {
    "cycle": 6,
    "trace_writeback_pc": "0x8",
    "trace_writeback_insn": "0x00000193",
    "trace_writeback_cycle_status": "CYCLE_NO_STALL"
  },
  {
    "cycle": 7,
    "trace_writeback_pc": "0xc",
    "trace_writeback_insn": "0x00000213",
    "trace_writeback_cycle_status": "CYCLE_NO_STALL"
  },
  {
    "cycle": 8,
    "trace_writeback_pc": "0x10",
    "trace_writeback_insn": "0x00000293",
    "trace_writeback_cycle_status": "CYCLE_NO_STALL"
  },
  {
    "cycle": 9,
    "trace_writeback_pc": "0x14",
    "trace_writeback_insn": "0x00000313",
    "trace_writeback_cycle_status": "CYCLE_NO_STALL"
  },
  {
    "cycle": 10,
    "trace_writeback_pc": "0x18",
    "trace_writeback_insn": "0x00000393",
    "trace_writeback_cycle_status": "CYCLE_NO_STALL"
  },
  {
    "cycle": 11,
    "trace_writeback_pc": "0x1c",
    "trace_writeback_insn": "0x00000413",
    "trace_writeback_cycle_status": "CYCLE_NO_STALL"
  },
  {
    "cycle": 12,
    "trace_writeback_pc": "0x20",
    "trace_writeback_insn": "0x00000493",
    "trace_writeback_cycle_status": "CYCLE_NO_STALL"
  },
  {
    "cycle": 13,
    "trace_writeback_pc": "0x24",
    "trace_writeback_insn": "0x00000513",
    "trace_writeback_cycle_status": "CYCLE_NO_STALL"
  },
  {
    "cycle": 14,
    "trace_writeback_pc": "0x28",
    "trace_writeback_insn": "0x00000593",
    "trace_writeback_cycle_status": "CYCLE_NO_STALL"
  },
  {
    "cycle": 15,
    "trace_writeback_pc": "0x2c",
    "trace_writeback_insn": "0x00000613",
    "trace_writeback_cycle_status": "CYCLE_NO_STALL"
  },
  {
    "cycle": 16,
    "trace_writeback_pc": "0x30",
    "trace_writeback_insn": "0x00000693",
    "trace_writeback_cycle_status": "CYCLE_NO_STALL"
  },
  {
    "cycle": 17,
    "trace_writeback_pc": "0x34",
    "trace_writeback_insn": "0x00000713",
    "trace_writeback_cycle_status": "CYCLE_NO_STALL"
  },
  {
    "cycle": 18,
    "trace_writeback_pc": "0x38",
    "trace_writeback_insn": "0x00000793",
    "trace_writeback_cycle_status": "CYCLE_NO_STALL"
  },
  {
    "cycle": 19,
    "trace_writeback_pc": "0x3c",
    "trace_writeback_insn": "0x00000813",
    "trace_writeback_cycle_status": "CYCLE_NO_STALL"
  },
  {
    "cycle": 20,
    "trace_writeback_pc": "0x40",
    "trace_writeback_insn": "0x00000893",
    "trace_writeback_cycle_status": "CYCLE_NO_STALL"
  },
  {
    "cycle": 21,
    "trace_writeback_pc": "0x44",
    "trace_writeback_insn": "0x00000913",
    "trace_writeback_cycle_status": "CYCLE_NO_STALL"
  },
  {
    "cycle": 22,
    "trace_writeback_pc": "0x48",
    "trace_writeback_insn": "0x00000993",
    "trace_writeback_cycle_status": "CYCLE_NO_STALL"
  },
  {
    "cycle": 23,
    "trace_writeback_pc": "0x4c",
    "trace_writeback_insn": "0x00000a13",
    "trace_writeback_cycle_status": "CYCLE_NO_STALL"
  },
  {
    "cycle": 24,
    "trace_writeback_pc": "0x50",
    "trace_writeback_insn": "0x00000a93",
    "trace_writeback_cycle_status": "CYCLE_NO_STALL"
  },
  {
    "cycle": 25,
    "trace_writeback_pc": "0x54",
    "trace_writeback_insn": "0x00000b13",
    "trace_writeback_cycle_status": "CYCLE_NO_STALL"
  },
  {
    "cycle": 26,
    "trace_writeback_pc": "0x58",
    "trace_writeback_insn": "0x00000b93",
    "trace_writeback_cycle_status": "CYCLE_NO_STALL"
  },
  {
    "cycle": 27,
    "trace_writeback_pc": "0x5c",
    "trace_writeback_insn": "0x00000c13",
    "trace_writeback_cycle_status": "CYCLE_NO_STALL"
  },
  {
    "cycle": 28,
    "trace_writeback_pc": "0x60",
    "trace_writeback_insn": "0x00000c93",
    "trace_writeback_cycle_status": "CYCLE_NO_STALL"
  },
  {
    "cycle": 29,
    "trace_writeback_pc": "0x64",
    "trace_writeback_insn": "0x00000d13",
    "trace_writeback_cycle_status": "CYCLE_NO_STALL"
  },
  {
    "cycle": 30,
    "trace_writeback_pc": "0x68",
    "trace_writeback_insn": "0x00000d93",
    "trace_writeback_cycle_status": "CYCLE_NO_STALL"
  },
  {
    "cycle": 31,
    "trace_writeback_pc": "0x6c",
    "trace_writeback_insn": "0x00000e13",
    "trace_writeback_cycle_status": "CYCLE_NO_STALL"
  },
  {
    "cycle": 32,
    "trace_writeback_pc": "0x70",
    "trace_writeback_insn": "0x00000e93",
    "trace_writeback_cycle_status": "CYCLE_NO_STALL"
  },
  {
    "cycle": 33,
    "trace_writeback_pc": "0x74",
    "trace_writeback_insn": "0x00000f13",
    "trace_writeback_cycle_status": "CYCLE_NO_STALL"
  },
  {
    "cycle": 34,
    "trace_writeback_pc": "0x78",
    "trace_writeback_insn": "0x00000f93",
    "trace_writeback_cycle_status": "CYCLE_NO_STALL"
  },
  {
    "cycle": 35,
    "trace_writeback_pc": "0x7c",
    "trace_writeback_insn": "0x00000193",
    "trace_writeback_cycle_status": "CYCLE_NO_STALL"
  },
  {
    "cycle": 36,
    "trace_writeback_pc": "0x80",
    "trace_writeback_insn": "0x00200193",
    "trace_writeback_cycle_status": "CYCLE_NO_STALL"
  },
  {
    "cycle": 37,
    "trace_writeback_pc": "0x84",
    "trace_writeback_insn": "0x00ff07b7",
    "trace_writeback_cycle_status": "CYCLE_NO_STALL"
  },
  {
    "cycle": 38,
    "trace_writeback_pc": "0x88",
    "trace_writeback_insn": "0x0ff78793",
    "trace_writeback_cycle_status": "CYCLE_NO_STALL"
  },
  {
    "cycle": 39,
    "trace_writeback_pc": "0x8c",
    "trace_writeback_insn": "0x00002097",
    "trace_writeback_cycle_status": "CYCLE_NO_STALL"
  },
  {
    "cycle": 40,
    "trace_writeback_pc": "0x90",
    "trace_writeback_insn": "0xf7408093",
    "trace_writeback_cycle_status": "CYCLE_NO_STALL"
  },
  {
    "cycle": 41,
    "trace_writeback_pc": "0x94",
    "trace_writeback_insn": "0x0000a703",
    "trace_writeback_cycle_status": "CYCLE_NO_STALL"
  },
  {
    "cycle": 42,
    "trace_writeback_pc": "0x98",
    "trace_writeback_insn": "0x00ff03b7",
    "trace_writeback_cycle_status": "CYCLE_NO_STALL"
  },
  {
    "cycle": 43,
    "trace_writeback_pc": "0x9c",
    "trace_writeback_insn": "0x0ff38393",
    "trace_writeback_cycle_status": "CYCLE_NO_STALL"
  },
  {
    "cycle": 44,
    "trace_writeback_pc": "0xa0",
    "trace_writeback_insn": "0x2a771663",
    "trace_writeback_cycle_status": "CYCLE_NO_STALL"
  },
  {
    "cycle": 45,
    "trace_writeback_pc": "0xa4",
    "trace_writeback_insn": "0x00300193",
    "trace_writeback_cycle_status": "CYCLE_NO_STALL"
  },
  {
    "cycle": 46,
    "trace_writeback_pc": "0xa8",
    "trace_writeback_insn": "0xff0107b7",
    "trace_writeback_cycle_status": "CYCLE_NO_STALL"
  },
  {
    "cycle": 47,
    "trace_writeback_pc": "0xac",
    "trace_writeback_insn": "0xf0078793",
    "trace_writeback_cycle_status": "CYCLE_NO_STALL"
  },
  {
    "cycle": 48,
    "trace_writeback_pc": "0xb0",
    "trace_writeback_insn": "0x00002097",
    "trace_writeback_cycle_status": "CYCLE_NO_STALL"
  },
  {
    "cycle": 49,
    "trace_writeback_pc": "0xb4",
    "trace_writeback_insn": "0xf5008093",
    "trace_writeback_cycle_status": "CYCLE_NO_STALL"
  },
  {
    "cycle": 50,
    "trace_writeback_pc": "0xb8",
    "trace_writeback_insn": "0x0040a703",
    "trace_writeback_cycle_status": "CYCLE_NO_STALL"
  },
  {
    "cycle": 51,
    "trace_writeback_pc": "0xbc",
    "trace_writeback_insn": "0xff0103b7",
    "trace_writeback_cycle_status": "CYCLE_NO_STALL"
  },
  {
    "cycle": 52,
    "trace_writeback_pc": "0xc0",
    "trace_writeback_insn": "0xf0038393",
    "trace_writeback_cycle_status": "CYCLE_NO_STALL"
  },
  {
    "cycle": 53,
    "trace_writeback_pc": "0xc4",
    "trace_writeback_insn": "0x28771463",
    "trace_writeback_cycle_status": "CYCLE_NO_STALL"
  },
  {
    "cycle": 54,
    "trace_writeback_pc": "0xc8",
    "trace_writeback_insn": "0x00400193",
    "trace_writeback_cycle_status": "CYCLE_NO_STALL"
  },
  {
    "cycle": 55,
    "trace_writeback_pc": "0xcc",
    "trace_writeback_insn": "0x0ff017b7",
    "trace_writeback_cycle_status": "CYCLE_NO_STALL"
  },
  {
    "cycle": 56,
    "trace_writeback_pc": "0xd0",
    "trace_writeback_insn": "0xff078793",
    "trace_writeback_cycle_status": "CYCLE_NO_STALL"
  },
  {
    "cycle": 57,
    "trace_writeback_pc": "0xd4",
    "trace_writeback_insn": "0x00002097",
    "trace_writeback_cycle_status": "CYCLE_NO_STALL"
  },
  {
    "cycle": 58,
    "trace_writeback_pc": "0xd8",
    "trace_writeback_insn": "0xf2c08093",
    "trace_writeback_cycle_status": "CYCLE_NO_STALL"
  },
  {
    "cycle": 59,
    "trace_writeback_pc": "0xdc",
    "trace_writeback_insn": "0x0080a703",
    "trace_writeback_cycle_status": "CYCLE_NO_STALL"
  },
  {
    "cycle": 60,
    "trace_writeback_pc": "0xe0",
    "trace_writeback_insn": "0x0ff013b7",
    "trace_writeback_cycle_status": "CYCLE_NO_STALL"
  },
  {
    "cycle": 61,
    "trace_writeback_pc": "0xe4",
    "trace_writeback_insn": "0xff038393",
    "trace_writeback_cycle_status": "CYCLE_NO_STALL"
  },
  {
    "cycle": 62,
    "trace_writeback_pc": "0xe8",
    "trace_writeback_insn": "0x26771263",
    "trace_writeback_cycle_status": "CYCLE_NO_STALL"
  },
  {
    "cycle": 63,
    "trace_writeback_pc": "0xec",
    "trace_writeback_insn": "0x00500193",
    "trace_writeback_cycle_status": "CYCLE_NO_STALL"
  },
  {
    "cycle": 64,
    "trace_writeback_pc": "0xf0",
    "trace_writeback_insn": "0xf00ff7b7",
    "trace_writeback_cycle_status": "CYCLE_NO_STALL"
  },
  {
    "cycle": 65,
    "trace_writeback_pc": "0xf4",
    "trace_writeback_insn": "0x00f78793",
    "trace_writeback_cycle_status": "CYCLE_NO_STALL"
  },
  {
    "cycle": 66,
    "trace_writeback_pc": "0xf8",
    "trace_writeback_insn": "0x00002097",
    "trace_writeback_cycle_status": "CYCLE_NO_STALL"
  },
  {
    "cycle": 67,
    "trace_writeback_pc": "0xfc",
    "trace_writeback_insn": "0xf0808093",
    "trace_writeback_cycle_status": "CYCLE_NO_STALL"
  },
  {
    "cycle": 68,
    "trace_writeback_pc": "0x100",
    "trace_writeback_insn": "0x00c0a703",
    "trace_writeback_cycle_status": "CYCLE_NO_STALL"
  },
  {
    "cycle": 69,
    "trace_writeback_pc": "0x104",
    "trace_writeback_insn": "0xf00ff3b7",
    "trace_writeback_cycle_status": "CYCLE_NO_STALL"
  },
  {
    "cycle": 70,
    "trace_writeback_pc": "0x108",
    "trace_writeback_insn": "0x00f38393",
    "trace_writeback_cycle_status": "CYCLE_NO_STALL"
  },
  {
    "cycle": 71,
    "trace_writeback_pc": "0x10c",
    "trace_writeback_insn": "0x24771063",
    "trace_writeback_cycle_status": "CYCLE_NO_STALL"
  },
  {
    "cycle": 72,
    "trace_writeback_pc": "0x110",
    "trace_writeback_insn": "0x00600193",
    "trace_writeback_cycle_status": "CYCLE_NO_STALL"
  },
  {
    "cycle": 73,
    "trace_writeback_pc": "0x114",
    "trace_writeback_insn": "0x00ff07b7",
    "trace_writeback_cycle_status": "CYCLE_NO_STALL"
  },
  {
    "cycle": 74,
    "trace_writeback_pc": "0x118",
    "trace_writeback_insn": "0x0ff78793",
    "trace_writeback_cycle_status": "CYCLE_NO_STALL"
  },
  {
    "cycle": 75,
    "trace_writeback_pc": "0x11c",
    "trace_writeback_insn": "0x00002097",
    "trace_writeback_cycle_status": "CYCLE_NO_STALL"
  },
  {
    "cycle": 76,
    "trace_writeback_pc": "0x120",
    "trace_writeback_insn": "0xef008093",
    "trace_writeback_cycle_status": "CYCLE_NO_STALL"
  },
  {
    "cycle": 77,
    "trace_writeback_pc": "0x124",
    "trace_writeback_insn": "0xff40a703",
    "trace_writeback_cycle_status": "CYCLE_NO_STALL"
  },
  {
    "cycle": 78,
    "trace_writeback_pc": "0x128",
    "trace_writeback_insn": "0x00ff03b7",
    "trace_writeback_cycle_status": "CYCLE_NO_STALL"
  },
  {
    "cycle": 79,
    "trace_writeback_pc": "0x12c",
    "trace_writeback_insn": "0x0ff38393",
    "trace_writeback_cycle_status": "CYCLE_NO_STALL"
  },
  {
    "cycle": 80,
    "trace_writeback_pc": "0x130",
    "trace_writeback_insn": "0x20771e63",
    "trace_writeback_cycle_status": "CYCLE_NO_STALL"
  },
  {
    "cycle": 81,
    "trace_writeback_pc": "0x134",
    "trace_writeback_insn": "0x00700193",
    "trace_writeback_cycle_status": "CYCLE_NO_STALL"
  },
  {
    "cycle": 82,
    "trace_writeback_pc": "0x138",
    "trace_writeback_insn": "0xff0107b7",
    "trace_writeback_cycle_status": "CYCLE_NO_STALL"
  },
  {
    "cycle": 83,
    "trace_writeback_pc": "0x13c",
    "trace_writeback_insn": "0xf0078793",
    "trace_writeback_cycle_status": "CYCLE_NO_STALL"
  },
  {
    "cycle": 84,
    "trace_writeback_pc": "0x140",
    "trace_writeback_insn": "0x00002097",
    "trace_writeback_cycle_status": "CYCLE_NO_STALL"
  },
  {
    "cycle": 85,
    "trace_writeback_pc": "0x144",
    "trace_writeback_insn": "0xecc08093",
    "trace_writeback_cycle_status": "CYCLE_NO_STALL"
  },
  {
    "cycle": 86,
    "trace_writeback_pc": "0x148",
    "trace_writeback_insn": "0xff80a703",
    "trace_writeback_cycle_status": "CYCLE_NO_STALL"
  },
  {
    "cycle": 87,
    "trace_writeback_pc": "0x14c",
    "trace_writeback_insn": "0xff0103b7",
    "trace_writeback_cycle_status": "CYCLE_NO_STALL"
  },
  {
    "cycle": 88,
    "trace_writeback_pc": "0x150",
    "trace_writeback_insn": "0xf0038393",
    "trace_writeback_cycle_status": "CYCLE_NO_STALL"
  },
  {
    "cycle": 89,
    "trace_writeback_pc": "0x154",
    "trace_writeback_insn": "0x1e771c63",
    "trace_writeback_cycle_status": "CYCLE_NO_STALL"
  },
  {
    "cycle": 90,
    "trace_writeback_pc": "0x158",
    "trace_writeback_insn": "0x00800193",
    "trace_writeback_cycle_status": "CYCLE_NO_STALL"
  },
  {
    "cycle": 91,
    "trace_writeback_pc": "0x15c",
    "trace_writeback_insn": "0x0ff017b7",
    "trace_writeback_cycle_status": "CYCLE_NO_STALL"
  },
  {
    "cycle": 92,
    "trace_writeback_pc": "0x160",
    "trace_writeback_insn": "0xff078793",
    "trace_writeback_cycle_status": "CYCLE_NO_STALL"
  },
  {
    "cycle": 93,
    "trace_writeback_pc": "0x164",
    "trace_writeback_insn": "0x00002097",
    "trace_writeback_cycle_status": "CYCLE_NO_STALL"
  },
  {
    "cycle": 94,
    "trace_writeback_pc": "0x168",
    "trace_writeback_insn": "0xea808093",
    "trace_writeback_cycle_status": "CYCLE_NO_STALL"
  },
  {
    "cycle": 95,
    "trace_writeback_pc": "0x16c",
    "trace_writeback_insn": "0xffc0a703",
    "trace_writeback_cycle_status": "CYCLE_NO_STALL"
  },
  {
    "cycle": 96,
    "trace_writeback_pc": "0x170",
    "trace_writeback_insn": "0x0ff013b7",
    "trace_writeback_cycle_status": "CYCLE_NO_STALL"
  },
  {
    "cycle": 97,
    "trace_writeback_pc": "0x174",
    "trace_writeback_insn": "0xff038393",
    "trace_writeback_cycle_status": "CYCLE_NO_STALL"
  },
  {
    "cycle": 98,
    "trace_writeback_pc": "0x178",
    "trace_writeback_insn": "0x1c771a63",
    "trace_writeback_cycle_status": "CYCLE_NO_STALL"
  },
  {
    "cycle": 99,
    "trace_writeback_pc": "0x17c",
    "trace_writeback_insn": "0x00900193",
    "trace_writeback_cycle_status": "CYCLE_NO_STALL"
  },
  {
    "cycle": 100,
    "trace_writeback_pc": "0x180",
    "trace_writeback_insn": "0xf00ff7b7",
    "trace_writeback_cycle_status": "CYCLE_NO_STALL"
  },
  {
    "cycle": 101,
    "trace_writeback_pc": "0x184",
    "trace_writeback_insn": "0x00f78793",
    "trace_writeback_cycle_status": "CYCLE_NO_STALL"
  },
  {
    "cycle": 102,
    "trace_writeback_pc": "0x188",
    "trace_writeback_insn": "0x00002097",
    "trace_writeback_cycle_status": "CYCLE_NO_STALL"
  },
  {
    "cycle": 103,
    "trace_writeback_pc": "0x18c",
    "trace_writeback_insn": "0xe8408093",
    "trace_writeback_cycle_status": "CYCLE_NO_STALL"
  },
  {
    "cycle": 104,
    "trace_writeback_pc": "0x190",
    "trace_writeback_insn": "0x0000a703",
    "trace_writeback_cycle_status": "CYCLE_NO_STALL"
  },
  {
    "cycle": 105,
    "trace_writeback_pc": "0x194",
    "trace_writeback_insn": "0xf00ff3b7",
    "trace_writeback_cycle_status": "CYCLE_NO_STALL"
  },
  {
    "cycle": 106,
    "trace_writeback_pc": "0x198",
    "trace_writeback_insn": "0x00f38393",
    "trace_writeback_cycle_status": "CYCLE_NO_STALL"
  },
  {
    "cycle": 107,
    "trace_writeback_pc": "0x19c",
    "trace_writeback_insn": "0x1a771863",
    "trace_writeback_cycle_status": "CYCLE_NO_STALL"
  },
  {
    "cycle": 108,
    "trace_writeback_pc": "0x1a0",
    "trace_writeback_insn": "0x00a00193",
    "trace_writeback_cycle_status": "CYCLE_NO_STALL"
  },
  {
    "cycle": 109,
    "trace_writeback_pc": "0x1a4",
    "trace_writeback_insn": "0x00002097",
    "trace_writeback_cycle_status": "CYCLE_NO_STALL"
  },
  {
    "cycle": 110,
    "trace_writeback_pc": "0x1a8",
    "trace_writeback_insn": "0xe5c08093",
    "trace_writeback_cycle_status": "CYCLE_NO_STALL"
  },
  {
    "cycle": 111,
    "trace_writeback_pc": "0x1ac",
    "trace_writeback_insn": "0xfe008093",
    "trace_writeback_cycle_status": "CYCLE_NO_STALL"
  },
  {
    "cycle": 112,
    "trace_writeback_pc": "0x1b0",
    "trace_writeback_insn": "0x0200a283",
    "trace_writeback_cycle_status": "CYCLE_NO_STALL"
  },
  {
    "cycle": 113,
    "trace_writeback_pc": "0x1b4",
    "trace_writeback_insn": "0x00ff03b7",
    "trace_writeback_cycle_status": "CYCLE_NO_STALL"
  },
  {
    "cycle": 114,
    "trace_writeback_pc": "0x1b8",
    "trace_writeback_insn": "0x0ff38393",
    "trace_writeback_cycle_status": "CYCLE_NO_STALL"
  },
  {
    "cycle": 115,
    "trace_writeback_pc": "0x1bc",
    "trace_writeback_insn": "0x18729863",
    "trace_writeback_cycle_status": "CYCLE_NO_STALL"
  },
  {
    "cycle": 116,
    "trace_writeback_pc": "0x1c0",
    "trace_writeback_insn": "0x00b00193",
    "trace_writeback_cycle_status": "CYCLE_NO_STALL"
  },
  {
    "cycle": 117,
    "trace_writeback_pc": "0x1c4",
    "trace_writeback_insn": "0x00002097",
    "trace_writeback_cycle_status": "CYCLE_NO_STALL"
  },
  {
    "cycle": 118,
    "trace_writeback_pc": "0x1c8",
    "trace_writeback_insn": "0xe3c08093",
    "trace_writeback_cycle_status": "CYCLE_NO_STALL"
  },
  {
    "cycle": 119,
    "trace_writeback_pc": "0x1cc",
    "trace_writeback_insn": "0xffd08093",
    "trace_writeback_cycle_status": "CYCLE_NO_STALL"
  },
  {
    "cycle": 120,
    "trace_writeback_pc": "0x1d0",
    "trace_writeback_insn": "0x0070a283",
    "trace_writeback_cycle_status": "CYCLE_NO_STALL"
  },
  {
    "cycle": 121,
    "trace_writeback_pc": "0x1d4",
    "trace_writeback_insn": "0xff0103b7",
    "trace_writeback_cycle_status": "CYCLE_NO_STALL"
  },
  {
    "cycle": 122,
    "trace_writeback_pc": "0x1d8",
    "trace_writeback_insn": "0xf0038393",
    "trace_writeback_cycle_status": "CYCLE_NO_STALL"
  },
  {
    "cycle": 123,
    "trace_writeback_pc": "0x1dc",
    "trace_writeback_insn": "0x16729863",
    "trace_writeback_cycle_status": "CYCLE_NO_STALL"
  },
  {
    "cycle": 124,
    "trace_writeback_pc": "0x1e0",
    "trace_writeback_insn": "0x00c00193",
    "trace_writeback_cycle_status": "CYCLE_NO_STALL"
  },
  {
    "cycle": 125,
    "trace_writeback_pc": "0x1e4",
    "trace_writeback_insn": "0x00000213",
    "trace_writeback_cycle_status": "CYCLE_NO_STALL"
  },
  {
    "cycle": 126,
    "trace_writeback_pc": "0x1e8",
    "trace_writeback_insn": "0x00002097",
    "trace_writeback_cycle_status": "CYCLE_NO_STALL"
  },
  {
    "cycle": 127,
    "trace_writeback_pc": "0x1ec",
    "trace_writeback_insn": "0xe1c08093",
    "trace_writeback_cycle_status": "CYCLE_NO_STALL"
  },
  {
    "cycle": 128,
    "trace_writeback_pc": "0x1f0",
    "trace_writeback_insn": "0x0040a703",
    "trace_writeback_cycle_status": "CYCLE_NO_STALL"
  },
  {
    "cycle": 129,
    "trace_writeback_pc": "0x0",
    "trace_writeback_insn": "0x00000000",
    "trace_writeback_cycle_status": "CYCLE_LOAD2USE"
  },
  {
    "cycle": 130,
    "trace_writeback_pc": "0x0",
    "trace_writeback_insn": "0x00000000",
    "trace_writeback_cycle_status": "CYCLE_LOAD2USE"
  },
  {
    "cycle": 131,
    "trace_writeback_pc": "0x1f4",
    "trace_writeback_insn": "0x00070313",
    "trace_writeback_cycle_status": "CYCLE_NO_STALL"
  },
  {
    "cycle": 132,
    "trace_writeback_pc": "0x1f8",
    "trace_writeback_insn": "0x0ff013b7",
    "trace_writeback_cycle_status": "CYCLE_NO_STALL"
  },
  {
    "cycle": 133,
    "trace_writeback_pc": "0x1fc",
    "trace_writeback_insn": "0xff038393",
    "trace_writeback_cycle_status": "CYCLE_NO_STALL"
  },
  {
    "cycle": 134,
    "trace_writeback_pc": "0x200",
    "trace_writeback_insn": "0x14731663",
    "trace_writeback_cycle_status": "CYCLE_NO_STALL"
  },
  {
    "cycle": 135,
    "trace_writeback_pc": "0x204",
    "trace_writeback_insn": "0x00120213",
    "trace_writeback_cycle_status": "CYCLE_NO_STALL"
  },
  {
    "cycle": 136,
    "trace_writeback_pc": "0x208",
    "trace_writeback_insn": "0x00200293",
    "trace_writeback_cycle_status": "CYCLE_NO_STALL"
  },
  {
    "cycle": 137,
    "trace_writeback_pc": "0x20c",
    "trace_writeback_insn": "0xfc521ee3",
    "trace_writeback_cycle_status": "CYCLE_NO_STALL"
  },
  {
    "cycle": 138,
    "trace_writeback_pc": "0x0",
    "trace_writeback_insn": "0x00000000",
    "trace_writeback_cycle_status": "CYCLE_TAKEN_BRANCH"
  },
  {
    "cycle": 139,
    "trace_writeback_pc": "0x0",
    "trace_writeback_insn": "0x00000000",
    "trace_writeback_cycle_status": "CYCLE_TAKEN_BRANCH"
  },
  {
    "cycle": 140,
    "trace_writeback_pc": "0x1e8",
    "trace_writeback_insn": "0x00002097",
    "trace_writeback_cycle_status": "CYCLE_NO_STALL"
  },
  {
    "cycle": 141,
    "trace_writeback_pc": "0x1ec",
    "trace_writeback_insn": "0xe1c08093",
    "trace_writeback_cycle_status": "CYCLE_NO_STALL"
  },
  {
    "cycle": 142,
    "trace_writeback_pc": "0x1f0",
    "trace_writeback_insn": "0x0040a703",
    "trace_writeback_cycle_status": "CYCLE_NO_STALL"
  },
  {
    "cycle": 143,
    "trace_writeback_pc": "0x0",
    "trace_writeback_insn": "0x00000000",
    "trace_writeback_cycle_status": "CYCLE_LOAD2USE"
  },
  {
    "cycle": 144,
    "trace_writeback_pc": "0x0",
    "trace_writeback_insn": "0x00000000",
    "trace_writeback_cycle_status": "CYCLE_LOAD2USE"
  },
  {
    "cycle": 145,
    "trace_writeback_pc": "0x1f4",
    "trace_writeback_insn": "0x00070313",
    "trace_writeback_cycle_status": "CYCLE_NO_STALL"
  },
  {
    "cycle": 146,
    "trace_writeback_pc": "0x1f8",
    "trace_writeback_insn": "0x0ff013b7",
    "trace_writeback_cycle_status": "CYCLE_NO_STALL"
  },
  {
    "cycle": 147,
    "trace_writeback_pc": "0x1fc",
    "trace_writeback_insn": "0xff038393",
    "trace_writeback_cycle_status": "CYCLE_NO_STALL"
  },
  {
    "cycle": 148,
    "trace_writeback_pc": "0x200",
    "trace_writeback_insn": "0x14731663",
    "trace_writeback_cycle_status": "CYCLE_NO_STALL"
  },
  {
    "cycle": 149,
    "trace_writeback_pc": "0x204",
    "trace_writeback_insn": "0x00120213",
    "trace_writeback_cycle_status": "CYCLE_NO_STALL"
  },
  {
    "cycle": 150,
    "trace_writeback_pc": "0x208",
    "trace_writeback_insn": "0x00200293",
    "trace_writeback_cycle_status": "CYCLE_NO_STALL"
  },
  {
    "cycle": 151,
    "trace_writeback_pc": "0x20c",
    "trace_writeback_insn": "0xfc521ee3",
    "trace_writeback_cycle_status": "CYCLE_NO_STALL"
  },
  {
    "cycle": 152,
    "trace_writeback_pc": "0x210",
    "trace_writeback_insn": "0x00d00193",
    "trace_writeback_cycle_status": "CYCLE_NO_STALL"
  },
  {
    "cycle": 153,
    "trace_writeback_pc": "0x214",
    "trace_writeback_insn": "0x00000213",
    "trace_writeback_cycle_status": "CYCLE_NO_STALL"
  },
  {
    "cycle": 154,
    "trace_writeback_pc": "0x218",
    "trace_writeback_insn": "0x00002097",
    "trace_writeback_cycle_status": "CYCLE_NO_STALL"
  },
  {
    "cycle": 155,
    "trace_writeback_pc": "0x21c",
    "trace_writeback_insn": "0xdf008093",
    "trace_writeback_cycle_status": "CYCLE_NO_STALL"
  },
  {
    "cycle": 156,
    "trace_writeback_pc": "0x220",
    "trace_writeback_insn": "0x0040a703",
    "trace_writeback_cycle_status": "CYCLE_NO_STALL"
  },
  {
    "cycle": 157,
    "trace_writeback_pc": "0x224",
    "trace_writeback_insn": "0x00000013",
    "trace_writeback_cycle_status": "CYCLE_NO_STALL"
  },
  {
    "cycle": 158,
    "trace_writeback_pc": "0x0",
    "trace_writeback_insn": "0x00000000",
    "trace_writeback_cycle_status": "CYCLE_LOAD2USE"
  },
  {
    "cycle": 159,
    "trace_writeback_pc": "0x228",
    "trace_writeback_insn": "0x00070313",
    "trace_writeback_cycle_status": "CYCLE_NO_STALL"
  },
  {
    "cycle": 160,
    "trace_writeback_pc": "0x22c",
    "trace_writeback_insn": "0xf00ff3b7",
    "trace_writeback_cycle_status": "CYCLE_NO_STALL"
  },
  {
    "cycle": 161,
    "trace_writeback_pc": "0x230",
    "trace_writeback_insn": "0x00f38393",
    "trace_writeback_cycle_status": "CYCLE_NO_STALL"
  },
  {
    "cycle": 162,
    "trace_writeback_pc": "0x234",
    "trace_writeback_insn": "0x10731c63",
    "trace_writeback_cycle_status": "CYCLE_NO_STALL"
  },
  {
    "cycle": 163,
    "trace_writeback_pc": "0x238",
    "trace_writeback_insn": "0x00120213",
    "trace_writeback_cycle_status": "CYCLE_NO_STALL"
  },
  {
    "cycle": 164,
    "trace_writeback_pc": "0x23c",
    "trace_writeback_insn": "0x00200293",
    "trace_writeback_cycle_status": "CYCLE_NO_STALL"
  },
  {
    "cycle": 165,
    "trace_writeback_pc": "0x240",
    "trace_writeback_insn": "0xfc521ce3",
    "trace_writeback_cycle_status": "CYCLE_NO_STALL"
  },
  {
    "cycle": 166,
    "trace_writeback_pc": "0x0",
    "trace_writeback_insn": "0x00000000",
    "trace_writeback_cycle_status": "CYCLE_TAKEN_BRANCH"
  },
  {
    "cycle": 167,
    "trace_writeback_pc": "0x0",
    "trace_writeback_insn": "0x00000000",
    "trace_writeback_cycle_status": "CYCLE_TAKEN_BRANCH"
  },
  {
    "cycle": 168,
    "trace_writeback_pc": "0x218",
    "trace_writeback_insn": "0x00002097",
    "trace_writeback_cycle_status": "CYCLE_NO_STALL"
  },
  {
    "cycle": 169,
    "trace_writeback_pc": "0x21c",
    "trace_writeback_insn": "0xdf008093",
    "trace_writeback_cycle_status": "CYCLE_NO_STALL"
  },
  {
    "cycle": 170,
    "trace_writeback_pc": "0x220",
    "trace_writeback_insn": "0x0040a703",
    "trace_writeback_cycle_status": "CYCLE_NO_STALL"
  },
  {
    "cycle": 171,
    "trace_writeback_pc": "0x224",
    "trace_writeback_insn": "0x00000013",
    "trace_writeback_cycle_status": "CYCLE_NO_STALL"
  },
  {
    "cycle": 172,
    "trace_writeback_pc": "0x0",
    "trace_writeback_insn": "0x00000000",
    "trace_writeback_cycle_status": "CYCLE_LOAD2USE"
  },
  {
    "cycle": 173,
    "trace_writeback_pc": "0x228",
    "trace_writeback_insn": "0x00070313",
    "trace_writeback_cycle_status": "CYCLE_NO_STALL"
  },
  {
    "cycle": 174,
    "trace_writeback_pc": "0x22c",
    "trace_writeback_insn": "0xf00ff3b7",
    "trace_writeback_cycle_status": "CYCLE_NO_STALL"
  },
  {
    "cycle": 175,
    "trace_writeback_pc": "0x230",
    "trace_writeback_insn": "0x00f38393",
    "trace_writeback_cycle_status": "CYCLE_NO_STALL"
  },
  {
    "cycle": 176,
    "trace_writeback_pc": "0x234",
    "trace_writeback_insn": "0x10731c63",
    "trace_writeback_cycle_status": "CYCLE_NO_STALL"
  },
  {
    "cycle": 177,
    "trace_writeback_pc": "0x238",
    "trace_writeback_insn": "0x00120213",
    "trace_writeback_cycle_status": "CYCLE_NO_STALL"
  },
  {
    "cycle": 178,
    "trace_writeback_pc": "0x23c",
    "trace_writeback_insn": "0x00200293",
    "trace_writeback_cycle_status": "CYCLE_NO_STALL"
  },
  {
    "cycle": 179,
    "trace_writeback_pc": "0x240",
    "trace_writeback_insn": "0xfc521ce3",
    "trace_writeback_cycle_status": "CYCLE_NO_STALL"
  },
  {
    "cycle": 180,
    "trace_writeback_pc": "0x244",
    "trace_writeback_insn": "0x00e00193",
    "trace_writeback_cycle_status": "CYCLE_NO_STALL"
  },
  {
    "cycle": 181,
    "trace_writeback_pc": "0x248",
    "trace_writeback_insn": "0x00000213",
    "trace_writeback_cycle_status": "CYCLE_NO_STALL"
  },
  {
    "cycle": 182,
    "trace_writeback_pc": "0x24c",
    "trace_writeback_insn": "0x00002097",
    "trace_writeback_cycle_status": "CYCLE_NO_STALL"
  },
  {
    "cycle": 183,
    "trace_writeback_pc": "0x250",
    "trace_writeback_insn": "0xdb408093",
    "trace_writeback_cycle_status": "CYCLE_NO_STALL"
  },
  {
    "cycle": 184,
    "trace_writeback_pc": "0x254",
    "trace_writeback_insn": "0x0040a703",
    "trace_writeback_cycle_status": "CYCLE_NO_STALL"
  },
  {
    "cycle": 185,
    "trace_writeback_pc": "0x258",
    "trace_writeback_insn": "0x00000013",
    "trace_writeback_cycle_status": "CYCLE_NO_STALL"
  },
  {
    "cycle": 186,
    "trace_writeback_pc": "0x25c",
    "trace_writeback_insn": "0x00000013",
    "trace_writeback_cycle_status": "CYCLE_NO_STALL"
  },
  {
    "cycle": 187,
    "trace_writeback_pc": "0x260",
    "trace_writeback_insn": "0x00070313",
    "trace_writeback_cycle_status": "CYCLE_NO_STALL"
  },
  {
    "cycle": 188,
    "trace_writeback_pc": "0x264",
    "trace_writeback_insn": "0xff0103b7",
    "trace_writeback_cycle_status": "CYCLE_NO_STALL"
  },
  {
    "cycle": 189,
    "trace_writeback_pc": "0x268",
    "trace_writeback_insn": "0xf0038393",
    "trace_writeback_cycle_status": "CYCLE_NO_STALL"
  },
  {
    "cycle": 190,
    "trace_writeback_pc": "0x26c",
    "trace_writeback_insn": "0x0e731063",
    "trace_writeback_cycle_status": "CYCLE_NO_STALL"
  },
  {
    "cycle": 191,
    "trace_writeback_pc": "0x270",
    "trace_writeback_insn": "0x00120213",
    "trace_writeback_cycle_status": "CYCLE_NO_STALL"
  },
  {
    "cycle": 192,
    "trace_writeback_pc": "0x274",
    "trace_writeback_insn": "0x00200293",
    "trace_writeback_cycle_status": "CYCLE_NO_STALL"
  },
  {
    "cycle": 193,
    "trace_writeback_pc": "0x278",
    "trace_writeback_insn": "0xfc521ae3",
    "trace_writeback_cycle_status": "CYCLE_NO_STALL"
  },
  {
    "cycle": 194,
    "trace_writeback_pc": "0x0",
    "trace_writeback_insn": "0x00000000",
    "trace_writeback_cycle_status": "CYCLE_TAKEN_BRANCH"
  },
  {
    "cycle": 195,
    "trace_writeback_pc": "0x0",
    "trace_writeback_insn": "0x00000000",
    "trace_writeback_cycle_status": "CYCLE_TAKEN_BRANCH"
  },
  {
    "cycle": 196,
    "trace_writeback_pc": "0x24c",
    "trace_writeback_insn": "0x00002097",
    "trace_writeback_cycle_status": "CYCLE_NO_STALL"
  },
  {
    "cycle": 197,
    "trace_writeback_pc": "0x250",
    "trace_writeback_insn": "0xdb408093",
    "trace_writeback_cycle_status": "CYCLE_NO_STALL"
  },
  {
    "cycle": 198,
    "trace_writeback_pc": "0x254",
    "trace_writeback_insn": "0x0040a703",
    "trace_writeback_cycle_status": "CYCLE_NO_STALL"
  },
  {
    "cycle": 199,
    "trace_writeback_pc": "0x258",
    "trace_writeback_insn": "0x00000013",
    "trace_writeback_cycle_status": "CYCLE_NO_STALL"
  },
  {
    "cycle": 200,
    "trace_writeback_pc": "0x25c",
    "trace_writeback_insn": "0x00000013",
    "trace_writeback_cycle_status": "CYCLE_NO_STALL"
  },
  {
    "cycle": 201,
    "trace_writeback_pc": "0x260",
    "trace_writeback_insn": "0x00070313",
    "trace_writeback_cycle_status": "CYCLE_NO_STALL"
  },
  {
    "cycle": 202,
    "trace_writeback_pc": "0x264",
    "trace_writeback_insn": "0xff0103b7",
    "trace_writeback_cycle_status": "CYCLE_NO_STALL"
  },
  {
    "cycle": 203,
    "trace_writeback_pc": "0x268",
    "trace_writeback_insn": "0xf0038393",
    "trace_writeback_cycle_status": "CYCLE_NO_STALL"
  },
  {
    "cycle": 204,
    "trace_writeback_pc": "0x26c",
    "trace_writeback_insn": "0x0e731063",
    "trace_writeback_cycle_status": "CYCLE_NO_STALL"
  },
  {
    "cycle": 205,
    "trace_writeback_pc": "0x270",
    "trace_writeback_insn": "0x00120213",
    "trace_writeback_cycle_status": "CYCLE_NO_STALL"
  },
  {
    "cycle": 206,
    "trace_writeback_pc": "0x274",
    "trace_writeback_insn": "0x00200293",
    "trace_writeback_cycle_status": "CYCLE_NO_STALL"
  },
  {
    "cycle": 207,
    "trace_writeback_pc": "0x278",
    "trace_writeback_insn": "0xfc521ae3",
    "trace_writeback_cycle_status": "CYCLE_NO_STALL"
  },
  {
    "cycle": 208,
    "trace_writeback_pc": "0x27c",
    "trace_writeback_insn": "0x00f00193",
    "trace_writeback_cycle_status": "CYCLE_NO_STALL"
  },
  {
    "cycle": 209,
    "trace_writeback_pc": "0x280",
    "trace_writeback_insn": "0x00000213",
    "trace_writeback_cycle_status": "CYCLE_NO_STALL"
  },
  {
    "cycle": 210,
    "trace_writeback_pc": "0x284",
    "trace_writeback_insn": "0x00002097",
    "trace_writeback_cycle_status": "CYCLE_NO_STALL"
  },
  {
    "cycle": 211,
    "trace_writeback_pc": "0x288",
    "trace_writeback_insn": "0xd8008093",
    "trace_writeback_cycle_status": "CYCLE_NO_STALL"
  },
  {
    "cycle": 212,
    "trace_writeback_pc": "0x28c",
    "trace_writeback_insn": "0x0040a703",
    "trace_writeback_cycle_status": "CYCLE_NO_STALL"
  },
  {
    "cycle": 213,
    "trace_writeback_pc": "0x290",
    "trace_writeback_insn": "0x0ff013b7",
    "trace_writeback_cycle_status": "CYCLE_NO_STALL"
  },
  {
    "cycle": 214,
    "trace_writeback_pc": "0x294",
    "trace_writeback_insn": "0xff038393",
    "trace_writeback_cycle_status": "CYCLE_NO_STALL"
  },
  {
    "cycle": 215,
    "trace_writeback_pc": "0x298",
    "trace_writeback_insn": "0x0a771a63",
    "trace_writeback_cycle_status": "CYCLE_NO_STALL"
  },
  {
    "cycle": 216,
    "trace_writeback_pc": "0x29c",
    "trace_writeback_insn": "0x00120213",
    "trace_writeback_cycle_status": "CYCLE_NO_STALL"
  },
  {
    "cycle": 217,
    "trace_writeback_pc": "0x2a0",
    "trace_writeback_insn": "0x00200293",
    "trace_writeback_cycle_status": "CYCLE_NO_STALL"
  },
  {
    "cycle": 218,
    "trace_writeback_pc": "0x2a4",
    "trace_writeback_insn": "0xfe5210e3",
    "trace_writeback_cycle_status": "CYCLE_NO_STALL"
  },
  {
    "cycle": 219,
    "trace_writeback_pc": "0x0",
    "trace_writeback_insn": "0x00000000",
    "trace_writeback_cycle_status": "CYCLE_TAKEN_BRANCH"
  },
  {
    "cycle": 220,
    "trace_writeback_pc": "0x0",
    "trace_writeback_insn": "0x00000000",
    "trace_writeback_cycle_status": "CYCLE_TAKEN_BRANCH"
  },
  {
    "cycle": 221,
    "trace_writeback_pc": "0x284",
    "trace_writeback_insn": "0x00002097",
    "trace_writeback_cycle_status": "CYCLE_NO_STALL"
  },
  {
    "cycle": 222,
    "trace_writeback_pc": "0x288",
    "trace_writeback_insn": "0xd8008093",
    "trace_writeback_cycle_status": "CYCLE_NO_STALL"
  },
  {
    "cycle": 223,
    "trace_writeback_pc": "0x28c",
    "trace_writeback_insn": "0x0040a703",
    "trace_writeback_cycle_status": "CYCLE_NO_STALL"
  },
  {
    "cycle": 224,
    "trace_writeback_pc": "0x290",
    "trace_writeback_insn": "0x0ff013b7",
    "trace_writeback_cycle_status": "CYCLE_NO_STALL"
  },
  {
    "cycle": 225,
    "trace_writeback_pc": "0x294",
    "trace_writeback_insn": "0xff038393",
    "trace_writeback_cycle_status": "CYCLE_NO_STALL"
  },
  {
    "cycle": 226,
    "trace_writeback_pc": "0x298",
    "trace_writeback_insn": "0x0a771a63",
    "trace_writeback_cycle_status": "CYCLE_NO_STALL"
  },
  {
    "cycle": 227,
    "trace_writeback_pc": "0x29c",
    "trace_writeback_insn": "0x00120213",
    "trace_writeback_cycle_status": "CYCLE_NO_STALL"
  },
  {
    "cycle": 228,
    "trace_writeback_pc": "0x2a0",
    "trace_writeback_insn": "0x00200293",
    "trace_writeback_cycle_status": "CYCLE_NO_STALL"
  },
  {
    "cycle": 229,
    "trace_writeback_pc": "0x2a4",
    "trace_writeback_insn": "0xfe5210e3",
    "trace_writeback_cycle_status": "CYCLE_NO_STALL"
  },
  {
    "cycle": 230,
    "trace_writeback_pc": "0x2a8",
    "trace_writeback_insn": "0x01000193",
    "trace_writeback_cycle_status": "CYCLE_NO_STALL"
  },
  {
    "cycle": 231,
    "trace_writeback_pc": "0x2ac",
    "trace_writeback_insn": "0x00000213",
    "trace_writeback_cycle_status": "CYCLE_NO_STALL"
  },
  {
    "cycle": 232,
    "trace_writeback_pc": "0x2b0",
    "trace_writeback_insn": "0x00002097",
    "trace_writeback_cycle_status": "CYCLE_NO_STALL"
  },
  {
    "cycle": 233,
    "trace_writeback_pc": "0x2b4",
    "trace_writeback_insn": "0xd5808093",
    "trace_writeback_cycle_status": "CYCLE_NO_STALL"
  },
  {
    "cycle": 234,
    "trace_writeback_pc": "0x2b8",
    "trace_writeback_insn": "0x00000013",
    "trace_writeback_cycle_status": "CYCLE_NO_STALL"
  },
  {
    "cycle": 235,
    "trace_writeback_pc": "0x2bc",
    "trace_writeback_insn": "0x0040a703",
    "trace_writeback_cycle_status": "CYCLE_NO_STALL"
  },
  {
    "cycle": 236,
    "trace_writeback_pc": "0x2c0",
    "trace_writeback_insn": "0xf00ff3b7",
    "trace_writeback_cycle_status": "CYCLE_NO_STALL"
  },
  {
    "cycle": 237,
    "trace_writeback_pc": "0x2c4",
    "trace_writeback_insn": "0x00f38393",
    "trace_writeback_cycle_status": "CYCLE_NO_STALL"
  },
  {
    "cycle": 238,
    "trace_writeback_pc": "0x2c8",
    "trace_writeback_insn": "0x08771263",
    "trace_writeback_cycle_status": "CYCLE_NO_STALL"
  },
  {
    "cycle": 239,
    "trace_writeback_pc": "0x2cc",
    "trace_writeback_insn": "0x00120213",
    "trace_writeback_cycle_status": "CYCLE_NO_STALL"
  },
  {
    "cycle": 240,
    "trace_writeback_pc": "0x2d0",
    "trace_writeback_insn": "0x00200293",
    "trace_writeback_cycle_status": "CYCLE_NO_STALL"
  },
  {
    "cycle": 241,
    "trace_writeback_pc": "0x2d4",
    "trace_writeback_insn": "0xfc521ee3",
    "trace_writeback_cycle_status": "CYCLE_NO_STALL"
  },
  {
    "cycle": 242,
    "trace_writeback_pc": "0x0",
    "trace_writeback_insn": "0x00000000",
    "trace_writeback_cycle_status": "CYCLE_TAKEN_BRANCH"
  },
  {
    "cycle": 243,
    "trace_writeback_pc": "0x0",
    "trace_writeback_insn": "0x00000000",
    "trace_writeback_cycle_status": "CYCLE_TAKEN_BRANCH"
  },
  {
    "cycle": 244,
    "trace_writeback_pc": "0x2b0",
    "trace_writeback_insn": "0x00002097",
    "trace_writeback_cycle_status": "CYCLE_NO_STALL"
  },
  {
    "cycle": 245,
    "trace_writeback_pc": "0x2b4",
    "trace_writeback_insn": "0xd5808093",
    "trace_writeback_cycle_status": "CYCLE_NO_STALL"
  },
  {
    "cycle": 246,
    "trace_writeback_pc": "0x2b8",
    "trace_writeback_insn": "0x00000013",
    "trace_writeback_cycle_status": "CYCLE_NO_STALL"
  },
  {
    "cycle": 247,
    "trace_writeback_pc": "0x2bc",
    "trace_writeback_insn": "0x0040a703",
    "trace_writeback_cycle_status": "CYCLE_NO_STALL"
  },
  {
    "cycle": 248,
    "trace_writeback_pc": "0x2c0",
    "trace_writeback_insn": "0xf00ff3b7",
    "trace_writeback_cycle_status": "CYCLE_NO_STALL"
  },
  {
    "cycle": 249,
    "trace_writeback_pc": "0x2c4",
    "trace_writeback_insn": "0x00f38393",
    "trace_writeback_cycle_status": "CYCLE_NO_STALL"
  },
  {
    "cycle": 250,
    "trace_writeback_pc": "0x2c8",
    "trace_writeback_insn": "0x08771263",
    "trace_writeback_cycle_status": "CYCLE_NO_STALL"
  },
  {
    "cycle": 251,
    "trace_writeback_pc": "0x2cc",
    "trace_writeback_insn": "0x00120213",
    "trace_writeback_cycle_status": "CYCLE_NO_STALL"
  },
  {
    "cycle": 252,
    "trace_writeback_pc": "0x2d0",
    "trace_writeback_insn": "0x00200293",
    "trace_writeback_cycle_status": "CYCLE_NO_STALL"
  },
  {
    "cycle": 253,
    "trace_writeback_pc": "0x2d4",
    "trace_writeback_insn": "0xfc521ee3",
    "trace_writeback_cycle_status": "CYCLE_NO_STALL"
  },
  {
    "cycle": 254,
    "trace_writeback_pc": "0x2d8",
    "trace_writeback_insn": "0x01100193",
    "trace_writeback_cycle_status": "CYCLE_NO_STALL"
  },
  {
    "cycle": 255,
    "trace_writeback_pc": "0x2dc",
    "trace_writeback_insn": "0x00000213",
    "trace_writeback_cycle_status": "CYCLE_NO_STALL"
  },
  {
    "cycle": 256,
    "trace_writeback_pc": "0x2e0",
    "trace_writeback_insn": "0x00002097",
    "trace_writeback_cycle_status": "CYCLE_NO_STALL"
  },
  {
    "cycle": 257,
    "trace_writeback_pc": "0x2e4",
    "trace_writeback_insn": "0xd2008093",
    "trace_writeback_cycle_status": "CYCLE_NO_STALL"
  },
  {
    "cycle": 258,
    "trace_writeback_pc": "0x2e8",
    "trace_writeback_insn": "0x00000013",
    "trace_writeback_cycle_status": "CYCLE_NO_STALL"
  },
  {
    "cycle": 259,
    "trace_writeback_pc": "0x2ec",
    "trace_writeback_insn": "0x00000013",
    "trace_writeback_cycle_status": "CYCLE_NO_STALL"
  },
  {
    "cycle": 260,
    "trace_writeback_pc": "0x2f0",
    "trace_writeback_insn": "0x0040a703",
    "trace_writeback_cycle_status": "CYCLE_NO_STALL"
  },
  {
    "cycle": 261,
    "trace_writeback_pc": "0x2f4",
    "trace_writeback_insn": "0xff0103b7",
    "trace_writeback_cycle_status": "CYCLE_NO_STALL"
  },
  {
    "cycle": 262,
    "trace_writeback_pc": "0x2f8",
    "trace_writeback_insn": "0xf0038393",
    "trace_writeback_cycle_status": "CYCLE_NO_STALL"
  },
  {
    "cycle": 263,
    "trace_writeback_pc": "0x2fc",
    "trace_writeback_insn": "0x04771863",
    "trace_writeback_cycle_status": "CYCLE_NO_STALL"
  },
  {
    "cycle": 264,
    "trace_writeback_pc": "0x300",
    "trace_writeback_insn": "0x00120213",
    "trace_writeback_cycle_status": "CYCLE_NO_STALL"
  },
  {
    "cycle": 265,
    "trace_writeback_pc": "0x304",
    "trace_writeback_insn": "0x00200293",
    "trace_writeback_cycle_status": "CYCLE_NO_STALL"
  },
  {
    "cycle": 266,
    "trace_writeback_pc": "0x308",
    "trace_writeback_insn": "0xfc521ce3",
    "trace_writeback_cycle_status": "CYCLE_NO_STALL"
  },
  {
    "cycle": 267,
    "trace_writeback_pc": "0x0",
    "trace_writeback_insn": "0x00000000",
    "trace_writeback_cycle_status": "CYCLE_TAKEN_BRANCH"
  },
  {
    "cycle": 268,
    "trace_writeback_pc": "0x0",
    "trace_writeback_insn": "0x00000000",
    "trace_writeback_cycle_status": "CYCLE_TAKEN_BRANCH"
  },
  {
    "cycle": 269,
    "trace_writeback_pc": "0x2e0",
    "trace_writeback_insn": "0x00002097",
    "trace_writeback_cycle_status": "CYCLE_NO_STALL"
  },
  {
    "cycle": 270,
    "trace_writeback_pc": "0x2e4",
    "trace_writeback_insn": "0xd2008093",
    "trace_writeback_cycle_status": "CYCLE_NO_STALL"
  },
  {
    "cycle": 271,
    "trace_writeback_pc": "0x2e8",
    "trace_writeback_insn": "0x00000013",
    "trace_writeback_cycle_status": "CYCLE_NO_STALL"
  },
  {
    "cycle": 272,
    "trace_writeback_pc": "0x2ec",
    "trace_writeback_insn": "0x00000013",
    "trace_writeback_cycle_status": "CYCLE_NO_STALL"
  },
  {
    "cycle": 273,
    "trace_writeback_pc": "0x2f0",
    "trace_writeback_insn": "0x0040a703",
    "trace_writeback_cycle_status": "CYCLE_NO_STALL"
  },
  {
    "cycle": 274,
    "trace_writeback_pc": "0x2f4",
    "trace_writeback_insn": "0xff0103b7",
    "trace_writeback_cycle_status": "CYCLE_NO_STALL"
  },
  {
    "cycle": 275,
    "trace_writeback_pc": "0x2f8",
    "trace_writeback_insn": "0xf0038393",
    "trace_writeback_cycle_status": "CYCLE_NO_STALL"
  },
  {
    "cycle": 276,
    "trace_writeback_pc": "0x2fc",
    "trace_writeback_insn": "0x04771863",
    "trace_writeback_cycle_status": "CYCLE_NO_STALL"
  },
  {
    "cycle": 277,
    "trace_writeback_pc": "0x300",
    "trace_writeback_insn": "0x00120213",
    "trace_writeback_cycle_status": "CYCLE_NO_STALL"
  },
  {
    "cycle": 278,
    "trace_writeback_pc": "0x304",
    "trace_writeback_insn": "0x00200293",
    "trace_writeback_cycle_status": "CYCLE_NO_STALL"
  },
  {
    "cycle": 279,
    "trace_writeback_pc": "0x308",
    "trace_writeback_insn": "0xfc521ce3",
    "trace_writeback_cycle_status": "CYCLE_NO_STALL"
  },
  {
    "cycle": 280,
    "trace_writeback_pc": "0x30c",
    "trace_writeback_insn": "0x01200193",
    "trace_writeback_cycle_status": "CYCLE_NO_STALL"
  },
  {
    "cycle": 281,
    "trace_writeback_pc": "0x310",
    "trace_writeback_insn": "0x00002297",
    "trace_writeback_cycle_status": "CYCLE_NO_STALL"
  },
  {
    "cycle": 282,
    "trace_writeback_pc": "0x314",
    "trace_writeback_insn": "0xcf028293",
    "trace_writeback_cycle_status": "CYCLE_NO_STALL"
  },
  {
    "cycle": 283,
    "trace_writeback_pc": "0x318",
    "trace_writeback_insn": "0x0002a103",
    "trace_writeback_cycle_status": "CYCLE_NO_STALL"
  },
  {
    "cycle": 284,
    "trace_writeback_pc": "0x31c",
    "trace_writeback_insn": "0x00200113",
    "trace_writeback_cycle_status": "CYCLE_NO_STALL"
  },
  {
    "cycle": 285,
    "trace_writeback_pc": "0x320",
    "trace_writeback_insn": "0x00200393",
    "trace_writeback_cycle_status": "CYCLE_NO_STALL"
  },
  {
    "cycle": 286,
    "trace_writeback_pc": "0x324",
    "trace_writeback_insn": "0x02711463",
    "trace_writeback_cycle_status": "CYCLE_NO_STALL"
  },
  {
    "cycle": 287,
    "trace_writeback_pc": "0x328",
    "trace_writeback_insn": "0x01300193",
    "trace_writeback_cycle_status": "CYCLE_NO_STALL"
  },
  {
    "cycle": 288,
    "trace_writeback_pc": "0x32c",
    "trace_writeback_insn": "0x00002297",
    "trace_writeback_cycle_status": "CYCLE_NO_STALL"
  },
  {
    "cycle": 289,
    "trace_writeback_pc": "0x330",
    "trace_writeback_insn": "0xcd428293",
    "trace_writeback_cycle_status": "CYCLE_NO_STALL"
  },
  {
    "cycle": 290,
    "trace_writeback_pc": "0x334",
    "trace_writeback_insn": "0x0002a103",
    "trace_writeback_cycle_status": "CYCLE_NO_STALL"
  },
  {
    "cycle": 291,
    "trace_writeback_pc": "0x338",
    "trace_writeback_insn": "0x00000013",
    "trace_writeback_cycle_status": "CYCLE_NO_STALL"
  },
  {
    "cycle": 292,
    "trace_writeback_pc": "0x33c",
    "trace_writeback_insn": "0x00200113",
    "trace_writeback_cycle_status": "CYCLE_NO_STALL"
  },
  {
    "cycle": 293,
    "trace_writeback_pc": "0x340",
    "trace_writeback_insn": "0x00200393",
    "trace_writeback_cycle_status": "CYCLE_NO_STALL"
  },
  {
    "cycle": 294,
    "trace_writeback_pc": "0x344",
    "trace_writeback_insn": "0x00711463",
    "trace_writeback_cycle_status": "CYCLE_NO_STALL"
  },
  {
    "cycle": 295,
    "trace_writeback_pc": "0x348",
    "trace_writeback_insn": "0x00301e63",
    "trace_writeback_cycle_status": "CYCLE_NO_STALL"
  },
  {
    "cycle": 296,
    "trace_writeback_pc": "0x0",
    "trace_writeback_insn": "0x00000000",
    "trace_writeback_cycle_status": "CYCLE_TAKEN_BRANCH"
  },
  {
    "cycle": 297,
    "trace_writeback_pc": "0x0",
    "trace_writeback_insn": "0x00000000",
    "trace_writeback_cycle_status": "CYCLE_TAKEN_BRANCH"
  },
  {
    "cycle": 298,
    "trace_writeback_pc": "0x364",
    "trace_writeback_insn": "0x00100193",
    "trace_writeback_cycle_status": "CYCLE_NO_STALL"
  },
  {
    "cycle": 299,
    "trace_writeback_pc": "0x368",
    "trace_writeback_insn": "0x05d00893",
    "trace_writeback_cycle_status": "CYCLE_NO_STALL"
  },
  {
    "cycle": 300,
    "trace_writeback_pc": "0x36c",
    "trace_writeback_insn": "0x00000513",
    "trace_writeback_cycle_status": "CYCLE_NO_STALL"
  },
  {
    "cycle": 301,
    "trace_writeback_pc": "0x370",
    "trace_writeback_insn": "0x00000073",
    "trace_writeback_cycle_status": "CYCLE_NO_STALL"
  }
]